Workbook

Sheet cmds
A1: Agri-bulk products | B1: Oils and refined fuels | C1: Industrial raw materials | D1: Mining and energy raw materials | E1: Crude oils & coal products | F1: Chemicals & fertilizers | G1: Intermediate industrial goods
A2: 1001 | B2: 1507 | C2: 2501 | D2: 2505 | E2: 2706 | F2: 2815 | G2: 4401
A3: 1002 | B3: 1511 | C3: 2503 | D3: 2506 | E3: 2707 | F3: 3101 | G3: 4403
A4: 1003 | B4: 1512 | C4: 2519 | D4: 2513 | E4: 2709 | F4: 3102 | G4: 4407
A5: 1004 | B5: 1513 | C5: 2520 | D5: 2517 | E5: 2713 | F5: 3103 | G5: 4701
A6: 1006 | B6: 1514 | C6: 2521 | D6: 2518 | E6: 2714 | F6: 3104 | G6: 4702
A7: 1007 | B7: 2710 | C7: 2522 | D7: 2528 | E7: 2715 | F7: 3105 | G7: 4703
A8: 1008 | B8: 3826 | C8: 2523 | D8: 2529 | G8: 4704
A9: 1201 | C9: 2508 | D9: 2530 | G9: 4705
A10: 1204 | C10: 2509 | D10: 2601 | G10: 4706
A11: 1205 | C11: 2510 | D11: 2602 | G11: 4707
A12: 1206 | C12: 2511 | D12: 2603 | G12: 7204
A13: 1207 | C13: 2818 | D13: 2604 | G13: 7206
A14: 1213 | C14: 7501 | D14: 2606 | G14: 7207
A15: 1701 | D15: 2607 | G15: 7208
A16: 2301 | D16: 2608 | G16: 7209
D17: 2614 | G17: 7210
D18: 2618 | G18: 7211
D19: 2619 | G19: 7212
D20: 2620 | G20: 7213
D21: 2701 | G21: 7214
D22: 2702 | G22: 7215
D23: 2703 | G23: 7216
D24: 2803 | G24: 7217
D25: 7201 | G25: 7218
D26: 7202 | G26: 7219
D27: 7203 | G27: 7220
G28: 7221
G29: 7222
G30: 7223
G31: 7224
G32: 7225
G33: 7226
G34: 7227
G35: 7228
G36: 7229
G37: 7301
G38: 7404
G39: 7601
G40: 7602

Sheet cmdList
A1: Segment | B1: HS4
A2: Bulk | B2: 1001
A3: Bulk | B3: 1002
A4: Bulk | B4: 1003
A5: Bulk | B5: 1004
A6: Bulk | B6: 1006
A7: Bulk | B7: 1007
A8: Bulk | B8: 1008
A9: Bulk | B9: 1201
A10: Bulk | B10: 1204
A11: Bulk | B11: 1205
A12: Bulk | B12: 1206
A13: Bulk | B13: 1207
... A104: Ballast | B104: 7777

Sheet Sheet3
B1: Cleaning effort | E1: Agri-bulk products | F1: Oils and refined fuels | G1: Industrial raw materials | H1: Mining and energy raw materials | I1: Crude oils & coal products | J1: Chemicals & fertilizers | K1: Intermediate industrial goods | M1: Maximum number of cleaning days
A2: Agri-bulk products | B2: 3 | D2: Sensitivity | E2: 9 | F2: 8 | G2: 5 | H2: 3 | I2: 3 | J2: 7 | K2: 2 | M2: 14
A3: Oils and refined fuels | B3: 5
A4: Industrial raw materials | B4: 3
A5: Mining and energy raw materials | B5: 4
A6: Crude oils & coal products | B6: 9
A7: Chemicals & fertilizers | B7: 7
A8: Intermediate industrial goods | B8: 2

Sheet Matrix
B1: Agri-bulk products | C1: Oils and refined fuels | D1: Industrial raw materials | E1: Mining and energy raw materials | F1: Crude oils & coal products | G1: Chemicals & fertilizers | H1: Intermediate industrial goods
A2: Agri-bulk products | B2: =MAX(0.5,MROUND(Sheet3!$M$2*(Sheet3!$B2/9)^1.1*(Sheet3!E$2/9)^0.9,0.5)) -> 4 | C2: =MAX(0.5,MROUND(Sheet3!$M$2*(Sheet3!$B2/9)^1.1*(Sheet3!F$2/9)^0.9,0.5)) -> 4 | D2: =MAX(0.5,MROUND(Sheet3!$M$2*(Sheet3!$B2/9)^1.1*(Sheet3!G$2/9)^0.9,0.5)) -> 2.5 | E2: =MAX(0.5,MROUND(Sheet3!$M$2*(Sheet3!$B2/9)^1.1*(Sheet3!H$2/9)^0.9,0.5)) -> 1.5 | F2: =MAX(0.5,MROUND(Sheet3!$M$2*(Sheet3!$B2/9)^1.1*(Sheet3!I$2/9)^0.9,0.5)) -> 1.5 | G2: =MAX(0.5,MROUND(Sheet3!$M$2*(Sheet3!$B2/9)^1.1*(Sheet3!J$2/9)^0.9,0.5)) -> 3.5 | H2: =MAX(0.5,MROUND(Sheet3!$M$2*(Sheet3!$B2/9)^1.1*(Sheet3!K$2/9)^0.9,0.5)) -> 1
A3: Oils and refined fuels | B3: =MAX(0.5,MROUND(Sheet3!$M$2*(Sheet3!$B3/9)^1.1*(Sheet3!E$2/9)^0.9,0.5)) -> 7.5 | C3: =MAX(0.5,MROUND(Sheet3!$M$2*(Sheet3!$B3/9)^1.1*(Sheet3!F$2/9)^0.9,0.5)) -> 6.5 | D3: =MAX(0.5,MROUND(Sheet3!$M$2*(Sheet3!$B3/9)^1.1*(Sheet3!G$2/9)^0.9,0.5)) -> 4.5 | E3: =MAX(0.5,MROUND(Sheet3!$M$2*(Sheet3!$B3/9)^1.1*(Sheet3!H$2/9)^0.9,0.5)) -> 2.5 | F3: =MAX(0.5,MROUND(Sheet3!$M$2*(Sheet3!$B3/9)^1.1*(Sheet3!I$2/9)^0.9,0.5)) -> 2.5 | G3: =MAX(0.5,MROUND(Sheet3!$M$2*(Sheet3!$B3/9)^1.1*(Sheet3!J$2/9)^0.9,0.5)) -> 6 | H3: =MAX(0.5,MROUND(Sheet3!$M$2*(Sheet3!$B3/9)^1.1*(Sheet3!K$2/9)^0.9,0.5)) -> 2
A4: Industrial raw materials | B4: =MAX(0.5,MROUND(Sheet3!$M$2*(Sheet3!$B4/9)^1.1*(Sheet3!E$2/9)^0.9,0.5)) -> 4 | C4: =MAX(0.5,MROUND(Sheet3!$M$2*(Sheet3!$B4/9)^1.1*(Sheet3!F$2/9)^0.9,0.5)) -> 4 | D4: =MAX(0.5,MROUND(Sheet3!$M$2*(Sheet3!$B4/9)^1.1*(Sheet3!G$2/9)^0.9,0.5)) -> 2.5 | E4: =MAX(0.5,MROUND(Sheet3!$M$2*(Sheet3!$B4/9)^1.1*(Sheet3!H$2/9)^0.9,0.5)) -> 1.5 | F4: =MAX(0.5,MROUND(Sheet3!$M$2*(Sheet3!$B4/9)^1.1*(Sheet3!I$2/9)^0.9,0.5)) -> 1.5 | G4: =MAX(0.5,MROUND(Sheet3!$M$2*(Sheet3!$B4/9)^1.1*(Sheet3!J$2/9)^0.9,0.5)) -> 3.5 | H4: =MAX(0.5,MROUND(Sheet3!$M$2*(Sheet3!$B4/9)^1.1*(Sheet3!K$2/9)^0.9,0.5)) -> 1
A5: Mining and energy raw materials | B5: =MAX(0.5,MROUND(Sheet3!$M$2*(Sheet3!$B5/9)^1.1*(Sheet3!E$2/9)^0.9,0.5)) -> 5.5 | C5: =MAX(0.5,MROUND(Sheet3!$M$2*(Sheet3!$B5/9)^1.1*(Sheet3!F$2/9)^0.9,0.5)) -> 5 | D5: =MAX(0.5,MROUND(Sheet3!$M$2*(Sheet3!$B5/9)^1.1*(Sheet3!G$2/9)^0.9,0.5)) -> 3.5 | E5: =MAX(0.5,MROUND(Sheet3!$M$2*(Sheet3!$B5/9)^1.1*(Sheet3!H$2/9)^0.9,0.5)) -> 2 | F5: =MAX(0.5,MROUND(Sheet3!$M$2*(Sheet3!$B5/9)^1.1*(Sheet3!I$2/9)^0.9,0.5)) -> 2 | G5: =MAX(0.5,MROUND(Sheet3!$M$2*(Sheet3!$B5/9)^1.1*(Sheet3!J$2/9)^0.9,0.5)) -> 4.5 | H5: =MAX(0.5,MROUND(Sheet3!$M$2*(Sheet3!$B5/9)^1.1*(Sheet3!K$2/9)^0.9,0.5)) -> 1.5
A6: Crude oils & coal products | B6: 1000 | C6: 1000 | D6: =MAX(0.5,MROUND(Sheet3!$M$2*(Sheet3!$B6/9)^1.1*(Sheet3!G$2/9)^0.9,0.5)) -> 8 | E6: =MAX(0.5,MROUND(Sheet3!$M$2*(Sheet3!$B6/9)^1.1*(Sheet3!H$2/9)^0.9,0.5)) -> 5 | F6: =MAX(0.5,MROUND(Sheet3!$M$2*(Sheet3!$B6/9)^1.1*(Sheet3!I$2/9)^0.9,0.5)) -> 5 | G6: 1000 | H6: =MAX(0.5,MROUND(Sheet3!$M$2*(Sheet3!$B6/9)^1.1*(Sheet3!K$2/9)^0.9,0.5)) -> 3.5
A7: Chemicals & fertilizers | B7: =MAX(0.5,MROUND(Sheet3!$M$2*(Sheet3!$B7/9)^1.1*(Sheet3!E$2/9)^0.9,0.5)) -> 10.5 | C7: =MAX(0.5,MROUND(Sheet3!$M$2*(Sheet3!$B7/9)^1.1*(Sheet3!F$2/9)^0.9,0.5)) -> 9.5 | D7: =MAX(0.5,MROUND(Sheet3!$M$2*(Sheet3!$B7/9)^1.1*(Sheet3!G$2/9)^0.9,0.5)) -> 6.5 | E7: =MAX(0.5,MROUND(Sheet3!$M$2*(Sheet3!$B7/9)^1.1*(Sheet3!H$2/9)^0.9,0.5)) -> 4 | F7: =MAX(0.5,MROUND(Sheet3!$M$2*(Sheet3!$B7/9)^1.1*(Sheet3!I$2/9)^0.9,0.5)) -> 4 | G7: =MAX(0.5,MROUND(Sheet3!$M$2*(Sheet3!$B7/9)^1.1*(Sheet3!J$2/9)^0.9,0.5)) -> 8.5 | H7: =MAX(0.5,MROUND(Sheet3!$M$2*(Sheet3!$B7/9)^1.1*(Sheet3!K$2/9)^0.9,0.5)) -> 2.5
A8: Intermediate industrial goods | B8: =MAX(0.5,MROUND(Sheet3!$M$2*(Sheet3!$B8/9)^1.1*(Sheet3!E$2/9)^0.9,0.5)) -> 2.5 | C8: =MAX(0.5,MROUND(Sheet3!$M$2*(Sheet3!$B8/9)^1.1*(Sheet3!F$2/9)^0.9,0.5)) -> 2.5 | D8: =MAX(0.5,MROUND(Sheet3!$M$2*(Sheet3!$B8/9)^1.1*(Sheet3!G$2/9)^0.9,0.5)) -> 1.5 | E8: =MAX(0.5,MROUND(Sheet3!$M$2*(Sheet3!$B8/9)^1.1*(Sheet3!H$2/9)^0.9,0.5)) -> 1 | F8: =MAX(0.5,MROUND(Sheet3!$M$2*(Sheet3!$B8/9)^1.1*(Sheet3!I$2/9)^0.9,0.5)) -> 1 | G8: =MAX(0.5,MROUND(Sheet3!$M$2*(Sheet3!$B8/9)^1.1*(Sheet3!J$2/9)^0.9,0.5)) -> 2 | H8: =MAX(0.5,MROUND(Sheet3!$M$2*(Sheet3!$B8/9)^1.1*(Sheet3!K$2/9)^0.9,0.5)) -> 0.5
